Country,Year,Electoral system family,Electoral system for national legislature,Number of tiers,Legislative size (directly elected),Legislative size (voting members),Electoral system for the president
Afghanistan,2018,Other,SNTV,1,250,250,TRS
Afghanistan,2010,Other,SNTV,1,249,249,TRS
Afghanistan,2005,Other,SNTV,1,249,249,TRS
Albania,2017,PR,List PR,1,140,140,Not applicable
Albania,2013,PR,List PR,1,140,140,Not applicable
Albania,2009,PR,List PR,1,140,140,Not applicable
Albania,2005,Mixed,MMP,2,140,140,Not applicable
Albania,2001,Mixed,MMP,2,140,140,Not applicable
Albania,1997,Mixed,Parallel,2,140,140,Not applicable
Albania,1996,Mixed,Parallel,2,140,140,Not applicable
Albania,1992,Mixed,MMP,2,140,140,Not applicable
Albania,1991,Plurality/Majority,TRS,1,250,250,Not applicable
Algeria,2017,PR,List PR,1,462,462,TRS
Algeria,2012,PR,List PR,1,462,462,TRS
Algeria,2007,PR,List PR,1,389,389,TRS
Algeria,2002,PR,List PR,1,389,389,TRS
Algeria,1997,PR,List PR,1,380,380,TRS
Algeria,1991,Plurality/Majority,TRS,1,430,430,TRS
Andorra,2019,Mixed,Parallel,2,28,28,Not applicable
Andorra,2015,Mixed,Parallel,2,28,28,Not applicable
Andorra,2011,Mixed,Parallel,2,28,28,Not applicable
Angola,2017,PR,List PR,2,220,220,Other
Angola,2012,PR,List PR,2,220,220,Other
Angola,2008,PR,List PR,2,220,223,TRS
Angola,1992,PR,List PR,2,220,223,TRS
Anguilla,2015,Plurality/Majority,FPTP,1,7,11,Not applicable
Anguilla,2010,Plurality/Majority,FPTP,1,7,11,Not applicable
Anguilla,2005,Plurality/Majority,FPTP,1,7,11,Not applicable
Antigua and Barbuda,2014,Plurality/Majority,FPTP,1,17,17,Not applicable
Antigua and Barbuda,2009,Plurality/Majority,FPTP,1,17,17,Not applicable
Antigua and Barbuda,2004,Plurality/Majority,FPTP,1,17,17,Not applicable
Antigua and Barbuda,1999,Plurality/Majority,FPTP,1,17,17,Not applicable
Antigua and Barbuda,1994,Plurality/Majority,FPTP,1,17,17,Not applicable
Argentina,2019,PR,List PR,1,257,257,
Argentina,2017,PR,List PR,1,257,257,TRS
Argentina,2015,PR,List PR,1,257,257,TRS
Argentina,2013,PR,List PR,1,257,257,TRS
Argentina,2011,PR,List PR,1,257,257,TRS
Argentina,2009,PR,List PR,1,257,257,TRS
Argentina,2007,PR,List PR,1,257,257,TRS
Argentina,2005,PR,List PR,1,257,257,TRS
Argentina,2003,PR,List PR,1,257,257,TRS
Argentina,2001,PR,List PR,1,257,257,TRS
Argentina,1999,PR,List PR,1,257,257,TRS
Argentina,1997,PR,List PR,1,257,257,TRS
Argentina,1995,PR,List PR,1,257,257,TRS
Argentina,1993,PR,List PR,1,257,257,FPTP
Argentina,1991,PR,List PR,1,257,257,FPTP
Armenia,2018,PR,List PR,1,132,132,Not applicable
Armenia,2017,PR,List PR,1,105,105,Not applicable
Armenia,2012,Mixed,Parallel,2,131,131,TRS
Armenia,2007,Mixed,Parallel,2,131,131,TRS
Armenia,2003,Mixed,Parallel,2,131,131,TRS
Armenia,1999,Mixed,Parallel,2,131,131,TRS
Armenia,1995,Mixed,Parallel,2,190,190,TRS
Aruba,2017,PR,List PR,1,21,21,Not applicable
Aruba,2013,PR,List PR,1,21,21,Not applicable
Australia,2019,Plurality/Majority,AV,1,151,151,Not applicable
Australia,2016,Plurality/Majority,AV,1,150,150,Not applicable
Australia,2013,Plurality/Majority,AV,1,150,150,Not applicable
Australia,2010,Plurality/Majority,AV,1,150,150,Not applicable
Australia,2007,Plurality/Majority,AV,1,150,150,Not applicable
Australia,2004,Plurality/Majority,AV,1,150,150,Not applicable
Australia,2001,Plurality/Majority,AV,1,150,150,Not applicable
Australia,1998,Plurality/Majority,AV,1,148,148,Not applicable
Australia,1996,Plurality/Majority,AV,1,148,148,Not applicable
Australia,1993,Plurality/Majority,AV,1,147,147,Not applicable
Austria,2019,PR,List PR,3,183,183,TRS
Austria,2017,PR,List PR,3,183,183,TRS
Austria,2013,PR,List PR,3,183,183,TRS
Austria,2008,PR,List PR,3,183,183,TRS
Austria,2006,PR,List PR,3,183,183,TRS
Austria,2002,PR,List PR,3,183,183,TRS
Austria,1999,PR,List PR,3,183,183,TRS
Austria,1995,PR,List PR,3,183,183,TRS
Austria,1994,PR,List PR,3,183,183,TRS
Azerbaijan,2020,Plurality/Majority,FPTP,1,125,125,TRS
Azerbaijan,2015,Plurality/Majority,FPTP,1,125,125,TRS
Azerbaijan,2010,Plurality/Majority,FPTP,1,125,125,TRS
Azerbaijan,2006,Plurality/Majority,FPTP,1,125,125,TRS
Azerbaijan,2005,Plurality/Majority,FPTP,1,125,125,TRS
Azerbaijan,2000,Mixed,Parallel,2,125,125,TRS
Azerbaijan,1995,Mixed,Parallel,2,125,125,TRS
Bahamas,2017,Plurality/Majority,FPTP,1,39,39,Not applicable
Bahamas,2012,Plurality/Majority,FPTP,1,38,38,Not applicable
Bahamas,2007,Plurality/Majority,FPTP,1,40,40,Not applicable
Bahamas,2002,Plurality/Majority,FPTP,1,40,40,Not applicable
Bahamas,1997,Plurality/Majority,FPTP,1,40,40,Not applicable
Bahamas,1992,Plurality/Majority,FPTP,1,49,49,
Bahrain,2018,Plurality/Majority,TRS,1,40,40,Not applicable
Bahrain,2014,Plurality/Majority,TRS,1,40,40,Not applicable
Bahrain,2010,Plurality/Majority,TRS,1,40,40,Not applicable
Bahrain,2006,Plurality/Majority,TRS,1,40,40,Not applicable
Bahrain,2002,Plurality/Majority,TRS,1,40,40,Not applicable
Bangladesh,2018,Plurality/Majority,FPTP,1,300,350,Not applicable
Bangladesh,2014,Plurality/Majority,FPTP,1,300,350,Not applicable
Bangladesh,2008,Plurality/Majority,FPTP,1,300,345,Not applicable
Bangladesh,2001,Plurality/Majority,FPTP,1,300,300,Not applicable
Bangladesh,1996,Plurality/Majority,FPTP,1,300,330,Not applicable
Bangladesh,1991,Plurality/Majority,FPTP,1,300,330,Not applicable
Barbados,2018,Plurality/Majority,FPTP,1,30,30,Not applicable
Barbados,2013,Plurality/Majority,FPTP,1,30,30,Not applicable
Barbados,2008,Plurality/Majority,FPTP,1,30,30,Not applicable
Belarus,2019,Plurality/Majority,FPTP,1,110,110,TRS
Belarus,2016,Plurality/Majority,FPTP,1,110,110,TRS
Belarus,2012,Plurality/Majority,TRS,1,110,110,TRS
Belarus,2008,Plurality/Majority,TRS,1,110,110,TRS
Belarus,2004,Plurality/Majority,TRS,1,110,110,TRS
Belarus,2000,Plurality/Majority,TRS,1,110,110,TRS
Belarus,1995,Plurality/Majority,TRS,1,260,260,TRS
Belgium,2019,PR,List PR,1,150,150,Not applicable
Belgium,2014,PR,List PR,1,150,150,Not applicable
Belgium,2010,PR,List PR,1,150,150,Not applicable
Belgium,2007,PR,List PR,1,150,150,Not applicable
Belgium,2003,PR,List PR,1,150,150,Not applicable
Belgium,1999,PR,List PR,1,150,150,Not applicable
Belgium,1995,PR,List PR,1,150,150,Not applicable
Belgium,1991,PR,List PR,1,212,212,Not applicable
Belize,2015,Plurality/Majority,FPTP,1,31,31,Not applicable
Belize,2012,Plurality/Majority,FPTP,1,31,31,Not applicable
Belize,2008,Plurality/Majority,FPTP,1,31,31,Not applicable
Belize,2003,Plurality/Majority,FPTP,1,29,29,Not applicable
Belize,1998,Plurality/Majority,FPTP,1,29,29,Not applicable
Belize,1993,Plurality/Majority,FPTP,1,29,29,Not applicable
Benin,2019,PR,List PR,1,83,83,TRS
Benin,2015,PR,List PR,1,83,83,TRS
Benin,2011,PR,List PR,1,83,83,TRS
Benin,2007,PR,List PR,1,83,83,TRS
Benin,2003,PR,List PR,1,83,83,TRS
Benin,1999,PR,List PR,1,83,83,TRS
Benin,1995,PR,List PR,1,83,83,TRS
Benin,1991,PR,List PR,1,64,64,TRS
Bermuda,2017,Plurality/Majority,FPTP,1,36,36,Not applicable
Bermuda,2012,Plurality/Majority,FPTP,1,36,36,Not applicable
Bermuda,2007,Plurality/Majority,FPTP,1,36,36,Not applicable
Bermuda,2003,Plurality/Majority,FPTP,1,36,36,Not applicable
Bermuda,1998,Plurality/Majority,BV,1,40,40,Not applicable
Bermuda,1993,Plurality/Majority,BV,1,40,40,Not applicable
Bhutan,2018,Plurality/Majority,FPTP,1,47,47,Not applicable
Bhutan,2013,Plurality/Majority,FPTP,1,47,47,Not applicable
Bhutan,2008,Plurality/Majority,FPTP,1,47,47,Not applicable
Bolivia,2019,Mixed,MMP,3,130,130,TRS
Bolivia,2014,Mixed,MMP,3,130,130,TRS
Bolivia,2009,Mixed,MMP,3,130,130,TRS
Bolivia,2005,Mixed,MMP,2,130,130,Other
Bolivia,2002,Mixed,MMP,2,130,130,Other
Bolivia,1997,Mixed,MMP,2,130,130,Other
Bolivia,1993,PR,List PR,1,130,130,Other
Bosnia and Herzegovina,2018,PR,List PR,1,42,42,FPTP
Bosnia and Herzegovina,2014,PR,List PR,1,42,42,FPTP
Bosnia and Herzegovina,2010,PR,List PR,1,42,42,FPTP
Bosnia and Herzegovina,2006,PR,List PR,1,42,42,FPTP
Bosnia and Herzegovina,2002,PR,List PR,1,42,42,FPTP
Bosnia and Herzegovina,2000,PR,List PR,1,42,42,FPTP
Bosnia and Herzegovina,1998,PR,List PR,1,42,42,FPTP
Bosnia and Herzegovina,1996,PR,List PR,1,42,42,FPTP
Botswana,2019,Plurality/Majority,FPTP,1,57,63,Not applicable
Botswana,2014,Plurality/Majority,FPTP,1,57,63,Not applicable
Botswana,2009,Plurality/Majority,FPTP,1,57,63,Not applicable
Botswana,2004,Plurality/Majority,FPTP,1,57,62,Not applicable
Botswana,1999,Plurality/Majority,FPTP,1,47,,Not applicable
Botswana,1994,Plurality/Majority,FPTP,1,40,47,Not applicable
Botswana,1989,Plurality/Majority,FPTP,1,34,,Not applicable
Botswana,1984,Plurality/Majority,FPTP,1,34,39,Not applicable
Botswana,1979,Plurality/Majority,FPTP,1,32,37,Not applicable
Botswana,1974,Plurality/Majority,FPTP,1,32,38,Not applicable
Botswana,1969,Plurality/Majority,FPTP,1,31,36,Not applicable
Botswana,1965,Plurality/Majority,FPTP,1,31,,Not applicable
Brazil,2018,PR,List PR,1,513,513,TRS
Brazil,2014,PR,List PR,1,513,513,TRS
Brazil,2010,PR,List PR,1,513,513, TRS
Brazil,2006,PR,List PR,1,513,513,TRS
Brazil,2002,PR,List PR,1,513,513,TRS
Brazil,1998,PR,List PR,1,513,513,TRS
Brazil,1994,PR,List PR,1,513,513, TRS
Brunei Darussalam,2017,Not applicable,No direct elections,,,,Not applicable
Bulgaria,2017,PR,List PR,1,240,240,TRS
Bulgaria,2014,PR,List PR,1,240,240,TRS
Bulgaria,2013,PR,List PR,1,240,240,TRS
Bulgaria,2009,Mixed,Parallel,2,240,240,TRS
Bulgaria,2005,PR,List PR,1,240,240,TRS
Bulgaria,2001,PR,List PR,1,240,240,TRS
Bulgaria,1997,PR,List PR,1,240,240,TRS
Bulgaria,1994,PR,List PR,1,240,240,
Bulgaria,1991,PR,List PR,1,240,240,TRS
Burkina Faso,2015,PR,List PR,2,127,127,TRS
Burkina Faso,2012,PR,List PR,2,127,127,TRS
Burkina Faso,2007,PR,List PR,2,111,111,TRS
Burkina Faso,2002,PR,List PR,2,111,111,TRS
Burkina Faso,1997,PR,List PR,2,111,111,TRS
Burkina Faso,1992,PR,List PR,2,107,107,TRS
Burundi,2015,PR,List PR,1,100,121,TRS
Burundi,2010,PR,List PR,1,100,106,TRS
Burundi,2005,PR,List PR,1,100,118,TRS
Burundi,1993,PR,List PR,1,81,81,TRS
Cambodia,2018,PR,List PR,1,125,125,Not applicable
Cambodia,2013,PR,List PR,1,123,123,Not applicable
Cambodia,2008,PR,List PR,1,123,123,Not applicable
Cambodia,2003,PR,List PR,1,123,123,Not applicable
Cambodia,1998,PR,List PR,1,122,122,Not applicable
Cambodia,1993,PR,List PR,1,120,120,Not applicable
Cameroon,2020,Plurality/Majority,FPTP,H,180,180,FPTP
Cameroon,2013,Plurality/Majority,FPTP,H,180,180,FPTP
Cameroon,2007,Plurality/Majority,FPTP,H,180,180,FPTP
Cameroon,2002,Plurality/Majority,FPTP,H,180,180,FPTP
Cameroon,1997,Plurality/Majority,FPTP,H,180,180,FPTP
Cameroon,1992,Plurality/Majority,FPTP,H,180,180,FPTP
Canada,2019,Plurality/Majority,FPTP,1,338,338,Not applicable
Canada,2015,Plurality/Majority,FPTP,1,338,338,Not applicable
Canada,2011,Plurality/Majority,FPTP,1,308,308,Not applicable
Canada,2008,Plurality/Majority,FPTP,1,308,308,Not applicable
Canada,2006,Plurality/Majority,FPTP,1,308,308,Not applicable
Canada,2004,Plurality/Majority,FPTP,1,308,308,Not applicable
Canada,2000,Plurality/Majority,FPTP,1,301,301,Not applicable
Canada,1997,Plurality/Majority,FPTP,1,301,301,Not applicable
Canada,1993,Plurality/Majority,FPTP,1,295,295,Not applicable
Canada,1988,Plurality/Majority,FPTP,1,294,294,Not applicable
Cape Verde,2016,PR,List PR,1,72,72,TRS
Cape Verde,2011,PR,List PR,1,72,72,TRS
Cape Verde,2006,PR,List PR,1,72,72,TRS
Cape Verde,2001,PR,List PR,1,72,72,TRS
Cape Verde,1995,PR,List PR,1,72,72,TRS
Cape Verde,1991,PR,List PR,1,79,79,TRS
Cayman Islands,2017,Plurality/Majority,FPTP,1,18,18,Not applicable
Cayman Islands,2013,Plurality/Majority,BV,1,18,18,Not applicable
Cayman Islands,2009,Plurality/Majority,BV,1,15,15,Not applicable
Cayman Islands,2005,Plurality/Majority,BV,1,15,15,Not applicable
Central African Republic,2016,Plurality/Majority,TRS,1,131,131,TRS
Central African Republic,2011,Plurality/Majority,TRS,1,105,105,TRS
Central African Republic,2005,Plurality/Majority,TRS,1,105,105,TRS
Central African Republic,1998,Plurality/Majority,TRS,1,109,109,TRS
Central African Republic,1993,Plurality/Majority,TRS,1,85,85,TRS
Chad,2011,Plurality/Majority,FPTP,H,188,188,TRS
Chad,2002,Plurality/Majority,TRS,H,155,155,TRS
Chad,1997,Plurality/Majority,TRS,H,125,125,TRS
Chile,2017,PR,List PR,1,155,155,TRS
Chile,2013,PR,List PR,1,120,120,TRS
Chile,2009,PR,List PR,1,120,120,TRS
Chile,2005,PR,List PR,1,120,120,TRS
Chile,2001,PR,List PR,1,120,120,TRS
Chile,1999,PR,List PR,1,120,120,TRS
Chile,1997,PR,List PR,1,120,120,TRS
Chile,1993,PR,List PR,1,120,120,TRS
China,2017,Not applicable,No direct elections,,,,Not applicable
Colombia,2018,PR,List PR,1,166,166,TRS
Colombia,2014,PR,List PR,1,166,166,TRS
Colombia,2010,PR,List PR,1,165,165,TRS
Colombia,2006,PR,List PR,1,166,166,TRS
Colombia,2002,PR,List PR,1,166,166,TRS
Colombia,1998,PR,List PR,1,161,161,TRS
Colombia,1994,PR,List PR,1,163,163,TRS
Colombia,1991,PR,List PR,1,161,161,TRS
Comoros,2020,Plurality/Majority,TRS,1,24,33,TRS
Comoros,2015,Plurality/Majority,TRS,1,24,33,TRS
Comoros,2009,Plurality/Majority,TRS,1,24,33,TRS
Comoros,2004,Plurality/Majority,TRS,1,24,33,TRS
"Congo, Democratic Republic of",2018,Plurality/Majority and PR,FPTP,H,500,500,FPTP
"Congo, Democratic Republic of",2011,Plurality/Majority and PR,FPTP,H,500,500,FPTP
"Congo, Democratic Republic of",2006,Plurality/Majority and PR,FPTP,H,500,500,TRS
Cook Islands,2018,Plurality/Majority,FPTP,1,24,24,Not applicable
Cook Islands,2014,Plurality/Majority,FPTP,1,24,24,Not applicable
Cook Islands,2010,Plurality/Majority,FPTP,1,24,24,Not applicable
Cook Islands,2006,Plurality/Majority,FPTP,1,24,24,Not applicable
Cook Islands,2004,Plurality/Majority,FPTP,1,24,24,Not applicable
Costa Rica,2018,PR,List PR,1,57,57,TRS
Costa Rica,2014,PR,List PR,1,57,57,TRS
Costa Rica,2010,PR,List PR,1,57,57,TRS
Costa Rica,2006,PR,List PR,1,57,57,TRS
Costa Rica,2002,PR,List PR,1,57,57,TRS
Costa Rica,1998,PR,List PR,1,57,57,TRS
Costa Rica,1994,PR,List PR,1,57,57,TRS
Cote d'Ivoire,2016,Plurality/Majority,FPTP,H,255,255,TRS
Cote d'Ivoire,2011,Plurality/Majority,FPTP,H,255,255,TRS
Cote d'Ivoire,2000,Plurality/Majority,FPTP PBV,H,225,225,TRS
Cote d'Ivoire,1995,Plurality/Majority,FPTP PBV,H,175,175,TRS
Croatia,2016,PR,List PR,1,151,151,TRS
Croatia,2015,PR,List PR,1,151,151,TRS
Croatia,2011,PR,List PR,1,151,151,TRS
Croatia,2007,PR,List PR,1,153,153,TRS
Croatia,2003,PR,List PR,1,152,152,TRS
Croatia,2000,PR,List PR,1,151,151,TRS
Croatia,1995,Mixed,Parallel,2,124,127,TRS
Croatia,1992,Mixed,Parallel,2,124,127,TRS
Cuba,2018,Plurality/Majority,TRS,1,612,612,Not applicable
Cuba,2013,Plurality/Majority,TRS,1,612,612,Not applicable
Cuba,1993,Plurality/Majority,TRS,1,589,589,Not applicable
Cyprus,2016,PR,List PR,1,56,56,TRS
Cyprus,2011,PR,List PR,1,56,56,TRS
Cyprus,2006,PR,List PR,1,56,56,TRS
Cyprus,2001,PR,List PR,1,56,56,TRS
Cyprus,1996,PR,List PR,1,56,56,TRS
Cyprus,1991,PR,List PR,1,56,56,TRS
Cyprus,1985,PR,List PR,1,56,56,
Cyprus,1981,PR,List PR,1,35,35,
Cyprus (North),2018,PR,List PR,1,50,50,TRS
Cyprus (North),2005,PR,List PR,1,50,50,TRS
Czech Republic,2017,PR,List PR,1,200,200,TRS
Czech Republic,2013,PR,List PR,1,200,200,TRS
Czech Republic,2010,PR,List PR,1,200,200,Not applicable
Czech Republic,2006,PR,List PR,1,200,200,Not applicable
Czech Republic,2002,PR,List PR,1,200,200,Not applicable
Czech Republic,1998,PR,List PR,1,200,200,Not applicable
Czech Republic,1996,PR,List PR,1,200,200,Not applicable
Czech Republic,1992,PR,List PR,1,200,200,Not applicable
Denmark,2019,PR,List PR,2,179,179,Not applicable
Denmark,2015,PR,List PR,2,179,179,Not applicable
Denmark,2011,PR,List PR,2,179,179,Not applicable
Denmark,2007,PR,List PR,2,179,179,Not applicable
Denmark,2005,PR,List PR,2,179,179,Not applicable
Denmark,2001,PR,List PR,2,179,179,Not applicable
Denmark,1998,PR,List PR,2,179,179,Not applicable
Denmark,1994,PR,List PR,2,179,179,Not applicable
Djibouti,2018,Mixed,MMP,1,65,65,TRS
Djibouti,2013,Mixed,MMP,1,65,65,TRS
Djibouti,2008,Plurality/Majority,BV,1,65,65,TRS
Djibouti,2003,Plurality/Majority,BV,1,65,65,TRS
Djibouti,1997,Plurality/Majority,BV,1,65,65,TRS
Djibouti,1992,Plurality/Majority,BV,1,65,65,TRS
Dominica,2019,Plurality/Majority,FPTP,1,21,32,Not applicable
Dominica,2014,Plurality/Majority,FPTP,1,21,32,Not applicable
Dominica,2009,Plurality/Majority,FPTP,1,21,32,Not applicable
Dominica,2005,Plurality/Majority,FPTP,1,21,31,Not applicable
Dominica,2000,Plurality/Majority,FPTP,1,21,32,Not applicable
Dominica,1995,Plurality/Majority,FPTP,1,21,31,Not applicable
Dominican Republic,2016,PR,List PR,3,190,190,TRS
Dominican Republic,2010,PR,List PR,2,183,183,TRS
Dominican Republic,2006,PR,List PR,2,178,178,TRS
Dominican Republic,2002,PR,List PR,2,150,150,TRS
Dominican Republic,1998,PR,List PR,2,149,149,TRS
Dominican Republic,1994,PR,List PR,2,120,120,TRS
Ecuador,2017,PR,List PR,3,137,137,TRS
Ecuador,2013,PR,List PR,3,137,137,TRS
Ecuador,2009,PR,List PR,3,124,124,TRS
Ecuador,2006,PR,List PR,1,100,100,TRS
Ecuador,2002,PR,List PR,1,100,100,TRS
Ecuador,1998,PR,List PR,2,120,120,TRS
Ecuador,1996,PR,List PR,2,82,82,TRS
Ecuador,1994,PR,List PR,2,77,77,TRS
Egypt,2015,Plurality/Majority,TRS,2,568,596,TRS
Egypt,2012,Mixed,Parallel,2,498,508,TRS
Egypt,2010,Plurality/Majority,TRS,1,508,518,TRS
Egypt,2005,Plurality/Majority,TRS,1,444,454,TRS
Egypt,2000,Plurality/Majority,TRS,1,444,454,Not applicable
Egypt,1995,Plurality/Majority,TRS,1,444,454,Not applicable
El Salvador,2018,PR,List PR,1,84,84,TRS
El Salvador,2015,PR,List PR,1,84,84,TRS
El Salvador,2009,PR,List PR,1,84,84,TRS
El Salvador,2006,PR,List PR,1,84,84,TRS
El Salvador,2003,PR,List PR,2,84,84,TRS
El Salvador,2000,PR,List PR,2,84,84,TRS
El Salvador,1997,PR,List PR,2,84,84,TRS
El Salvador,1994,PR,List PR,2,84,84,TRS
El Salvador,1991,PR,List PR,2,84,84,TRS
Equatorial Guinea,2017,PR,List PR,1,100,100,FPTP
Equatorial Guinea,2013,PR,List PR,1,100,100,FPTP
Equatorial Guinea,2008,PR,List PR,1,100,100,FPTP
Equatorial Guinea,2004,PR,List PR,1,100,100,FPTP
Equatorial Guinea,1999,PR,List PR,1,80,80,FPTP
Equatorial Guinea,1993,PR,List PR,1,80,80,FPTP
Eritrea,2017,Not applicable,No direct elections,,,,Not applicable
Estonia,2019,PR,List PR,2,101,101,Not applicable
Estonia,2015,PR,List PR,2,101,101,Not applicable
Estonia,2011,PR,List PR,2,101,101,Not applicable
Estonia,2007,PR,List PR,2,101,101,Not applicable
Estonia,2003,PR,List PR,2,101,101,Not applicable
Estonia,1999,PR,List PR,2,101,101,Not applicable
Estonia,1995,PR,List PR,2,101,101,Not applicable
Estonia,1992,PR,List PR,2,101,101,TRS
Ethiopia,2015,Plurality/Majority,FPTP,1,547,547,Not applicable
Ethiopia,2010,Plurality/Majority,FPTP,1,547,547,Not applicable
Ethiopia,2005,Plurality/Majority,FPTP,1,546,546,Not applicable
Ethiopia,2000,Plurality/Majority,FPTP,1,547,547,Not applicable
Ethiopia,1995,Plurality/Majority,FPTP,1,547,547,Not applicable
Falkland Islands (Malvinas),2017,Plurality/Majority,BV,1,8,8,Not applicable
Falkland Islands (Malvinas),2013,Plurality/Majority,BV,1,8,8,Not applicable
Falkland Islands (Malvinas),2009,Plurality/Majority,BV,1,8,8,Not applicable
Falkland Islands (Malvinas),2005,Plurality/Majority,BV,1,8,8,Not applicable
Fiji,2018,PR,List PR,1,51,51,Not applicable
Fiji,2014,PR,List PR,1,50,50,Not applicable
Fiji,2006,Plurality/Majority,AV,2,71,71,Not applicable
Fiji,2001,Plurality/Majority,AV,2,71,71,Not applicable
Fiji,1999,Plurality/Majority,AV,2,71,71,Not applicable
Fiji,1994,Plurality/Majority,FPTP,1,70,70,Not applicable
Fiji,1992,Plurality/Majority,FPTP,1,70,70,Not applicable
Finland,2019,PR,List PR,1,200,200,TRS
Finland,2015,PR,List PR,1,200,200,TRS
Finland,2011,PR,List PR,1,200,200,TRS
Finland,2007,PR,List PR,1,200,200,TRS
Finland,2003,PR,List PR,1,200,200,TRS
Finland,1999,PR,List PR,1,200,200,TRS
Finland,1995,PR,List PR,1,200,200,TRS
Finland,1991,PR,List PR,1,200,200,TRS
France,2017,Plurality/Majority,TRS,1,577,577,TRS
France,2012,Plurality/Majority,TRS,1,577,577,TRS
France,2007,Plurality/Majority,TRS,1,577,577,TRS
France,2002,Plurality/Majority,TRS,1,577,577,TRS
France,1997,Plurality/Majority,TRS,1,577,577,TRS
France,1993,Plurality/Majority,TRS,1,577,577,TRS
Gabon,2018,Plurality/Majority,TRS,1,143,143,TRS
Gabon,2011,Plurality/Majority,TRS,1,120,114,FPTP
Gabon,2006,Plurality/Majority,TRS,1,120,120,FPTP
Gabon,2001,Plurality/Majority,TRS,1,120,120,TRS
Gabon,1996,Plurality/Majority,TRS,1,120,120,TRS
Gambia,2017,Plurality/Majority,FPTP,1,53,58,FPTP
Gambia,2012,Plurality/Majority,FPTP,1,48,53,FPTP
Gambia,2007,Plurality/Majority,FPTP,1,48,53,FPTP
Gambia,2002,Plurality/Majority,FPTP,1,48,53,TRS
Gambia,1997,Plurality/Majority,FPTP,1,45,49,TRS
Gambia,1992,Plurality/Majority,FPTP,1,36,41,TRS
Georgia,2016,Mixed,Parallel,2,150,150,TRS
Georgia,2012,Mixed,Parallel,2,150,150,TRS
Georgia,2008,Mixed,Parallel,2,150,150,TRS
Georgia,2004,Mixed,Parallel,2,235,235,TRS
Georgia,2003,Mixed,Parallel,2,235,235,TRS
Georgia,1999,Mixed,Parallel,2,235,235,TRS
Georgia,1995,Mixed,Parallel,2,235,235,TRS
Georgia,1992,Mixed,Parallel,2,225,225,TRS
Germany,2017,Mixed,MMP,2,709,709,Not applicable
Germany,2013,Mixed,MMP,2,631,631,Not applicable
Germany,2009,Mixed,MMP,2,622,622,Not applicable
Germany,2005,Mixed,MMP,2,614,614,Not applicable
Germany,2002,Mixed,MMP,2,603,603,Not applicable
Germany,1998,Mixed,MMP,2,669,669,Not applicable
Germany,1994,Mixed,MMP,2,672,672,Not applicable
Ghana,2016,Plurality/Majority,FPTP,1,275,275,TRS
Ghana,2012,Plurality/Majority,FPTP,1,275,275,TRS
Ghana,2008,Plurality/Majority,FPTP,1,230,230,TRS
Ghana,2004,Plurality/Majority,FPTP,1,230,230,TRS
Ghana,2000,Plurality/Majority,FPTP,1,200,200,TRS
Ghana,1996,Plurality/Majority,FPTP,1,200,200,TRS
Ghana,1992,Plurality/Majority,FPTP,1,200,200,TRS
Gibraltar,2019,Other,LV,1,17,17,Not applicable
Gibraltar,2015,Other,LV,1,17,17,Not applicable
Gibraltar,2011,Other,LV,1,17,17,Not applicable
Gibraltar,2007,Other,LV,1,17,17,Not applicable
Greece,2019,PR,List PR,2,300,300,Not applicable
Greece,2015,PR,List PR,2,300,300,Not applicable
Greece,2012,PR,List PR,2,300,300,Not applicable
Greece,2009,PR,List PR,2,300,300,Not applicable
Greece,2007,PR,List PR,2,300,300,Not applicable
Greece,2004,PR,List PR,2,300,300,Not applicable
Greece,2000,PR,List PR,2,300,300,Not applicable
Greece,1996,PR,List PR,2,300,300,Not applicable
Greece,1993,PR,List PR,2,300,300,Not applicable
Greenland,2014,PR,List PR,1,31,31,
Grenada,2018,Plurality/Majority,FPTP,1,15,15,Not applicable
Grenada,2013,Plurality/Majority,FPTP,1,15,15,Not applicable
Grenada,2008,Plurality/Majority,FPTP,1,15,15,Not applicable
Grenada,2003,Plurality/Majority,FPTP,1,15,15,Not applicable
Grenada,1999,Plurality/Majority,FPTP,1,15,15,Not applicable
Grenada,1995,Plurality/Majority,FPTP,1,15,15,Not applicable
Guatemala,2019,PR,List PR,2,160,160,TRS
Guatemala,2015,PR,List PR,2,158,158,TRS
Guatemala,2011,PR,List PR,2,158,158,TRS
Guatemala,2007,PR,List PR,2,158,158,TRS
Guatemala,2003,PR,List PR,2,158,158,TRS
Guatemala,1999,PR,List PR,2,113,113,TRS
Guatemala,1995,PR,List PR,2,80,80,TRS
Guatemala,1994,PR,List PR,2,80,80,TRS
Guernsey,2016,Plurality/Majority,BV,1,38,40,Not applicable
Guernsey,2012,Plurality/Majority,BV,1,45,47,Not applicable
Guernsey,2008,Plurality/Majority,BV,1,45,47,Not applicable
Guernsey,2004,Plurality/Majority,BV,1,45,47,Not applicable
Guinea,2019,Mixed,Parallel,2,114,114,TRS
Guinea,2013,Mixed,Parallel,2,114,114,TRS
Guinea,2002,Mixed,Parallel,2,114,114,TRS
Guinea,1995,Mixed,Parallel,2,114,114,TRS
Guinea-Bissau,2019,PR,List PR,1,102,102,TRS
Guinea-Bissau,2014,PR,List PR,1,102,102,TRS
Guinea-Bissau,2008,PR,List PR,1,100,100,TRS
Guinea-Bissau,2004,PR,List PR,1,102,102,TRS
Guinea-Bissau,1999,PR,List PR,1,102,102,TRS
Guinea-Bissau,1994,PR,List PR,1,100,100,TRS
Guyana,2020,PR,List PR,2,65,65,Not applicable
Guyana,2015,PR,List PR,2,65,69,Not applicable
Guyana,2011,PR,List PR,2,65,67,Not applicable
Guyana,2006,PR,List PR,2,65,69,Not applicable
Guyana,2001,PR,List PR,2,65,65,Not applicable
Guyana,1997,PR,List PR,2,65,65,Not applicable
Haiti,2015,Plurality/Majority,TRS,1,119,119,TRS
Haiti,2011,Plurality/Majority,TRS,1,95,99,TRS
Haiti,2006,Plurality/Majority,TRS,1,98,98,TRS
Haiti,2000,Plurality/Majority,TRS,1,83,83,TRS
Haiti,1995,Plurality/Majority,TRS,1,83,83,TRS
Holy See (Vatican City State),2017,Not applicable,No direct elections,,,,Not applicable
Honduras,2017,PR,List PR,1,128,128,FPTP
Honduras,2013,PR,List PR,1,128,128,FPTP
Honduras,2009,PR,List PR,1,128,128,FPTP
Honduras,2005,PR,List PR,1,128,128,FPTP
Honduras,2001,PR,List PR,1,128,128,FPTP
Honduras,1997,PR,List PR,1,133,133,FPTP
Honduras,1993,PR,List PR,1,128,128,FPTP
Hungary,2018,Mixed,MMP,2,199,199,Not applicable
Hungary,2014,Mixed,MMP,2,199,199,Not applicable
Hungary,2010,Mixed,MMP,3,386,386,Not applicable
Hungary,2006,Mixed,MMP,3,386,386,Not applicable
Hungary,2002,Mixed,MMP,3,386,386,Not applicable
Hungary,1998,Mixed,MMP,3,386,386,Not applicable
Hungary,1994,Mixed,MMP,3,386,386,Not applicable
Iceland,2016,PR,List PR,2,63,63,FPTP
Iceland,2013,PR,List PR,2,63,63,FPTP
Iceland,2009,PR,List PR,2,63,63,FPTP
Iceland,2007,PR,List PR,2,63,63,FPTP
Iceland,2003,PR,List PR,2,63,63,FPTP
Iceland,1999,PR,List PR,2,63,63,FPTP
Iceland,1995,PR,List PR,2,63,63,FPTP
Iceland,1991,PR,List PR,2,63,63,FPTP
India,2019,Plurality/Majority,FPTP,1,543,545,Not applicable
India,2014,Plurality/Majority,FPTP,1,543,545,Not applicable
India,2009,Plurality/Majority,FPTP,1,543,545,Not applicable
India,2004,Plurality/Majority,FPTP,1,543,545,Not applicable
India,1999,Plurality/Majority,FPTP,1,543,545,Not applicable
India,1998,Plurality/Majority,FPTP,1,543,545,Not applicable
India,1996,Plurality/Majority,FPTP,1,543,545,Not applicable
India,1991,Plurality/Majority,FPTP,1,543,545,Not applicable
Indonesia,2019,PR,List PR,1,575,575,TRS
Indonesia,2014,PR,List PR,1,560,560,TRS
Indonesia,2009,PR,List PR,1,560,560,TRS
Indonesia,2004,PR,List PR,1,550,550,TRS
Indonesia,1999,PR,List PR,1,462,462,TRS
Indonesia,1997,PR,List PR,1,425,500,Not applicable
Indonesia,1992,PR,List PR,1,400,500,Not applicable
"Iran, Islamic Republic of",2020,Plurality/Majority,TRS,1,290,290,TRS
"Iran, Islamic Republic of",2016,Plurality/Majority,TRS,1,290,290,TRS
"Iran, Islamic Republic of",2012,Plurality/Majority,TRS,1,290,290,TRS
"Iran, Islamic Republic of",2008,Plurality/Majority,TRS,1,290,290,TRS
"Iran, Islamic Republic of",2004,Plurality/Majority,TRS,1,290,290,TRS
"Iran, Islamic Republic of",2000,Plurality/Majority,TRS,1,290,290,TRS
"Iran, Islamic Republic of",1996,Plurality/Majority,TRS,1,270,270,TRS
"Iran, Islamic Republic of",1992,Plurality/Majority,TRS,1,270,270,TRS
Iraq,2018,PR,List PR,1,329,329,Not applicable
Iraq,2014,PR,List PR,1,328,328,Not applicable
Iraq,2010,PR,List PR,1,325,325,Not applicable
Iraq,2005,PR,List PR,2,275,275,Not applicable
Ireland,2016,PR,STV,1,158,158,STV
Ireland,2011,PR,STV,1,166,166,STV
Ireland,2007,PR,STV,1,166,166,STV
Ireland,2002,PR,STV,1,166,166,STV
Ireland,1997,PR,STV,1,166,166,STV
Ireland,1992,PR,STV,1,166,166,STV
Isle of Man,2016,Plurality/Majority,BV,1,24,24,Not applicable
Isle of Man,2011,Plurality/Majority,FPTP,H,24,24,Not applicable
Isle of Man,2006,Plurality/Majority,FPTP,H,24,24,Not applicable
Isle of Man,2001,Plurality/Majority,FPTP,H,24,24,Not applicable
Israel,2020,PR,List PR,1,120,120,Not applicable
Israel,2019,PR,List PR,1,120,120,Not applicable
Israel,2015,PR,List PR,1,120,120,Not applicable
Israel,2012,PR,List PR,1,120,120,Not applicable
Israel,2009,PR,List PR,1,120,120,Not applicable
Israel,2006,PR,List PR,1,120,120,Not applicable
Israel,2003,PR,List PR,1,120,120,Not applicable
Israel,2001,PR,List PR,1,120,120,Not applicable
Israel,1999,PR,List PR,1,120,120,Not applicable
Israel,1996,PR,List PR,1,120,120,Not applicable
Israel,1992,PR,List PR,1,120,120,Not applicable
Italy,2018,Mixed,Parallel,2,630,630,Not applicable
Italy,2013,PR,List PR,1,630,630,Not applicable
Italy,2008,PR,List PR,1,630,630,Not applicable
Italy,2006,PR,List PR,1,630,630,Not applicable
Italy,2001,Mixed,MMP,1,630,630,Not applicable
Italy,1996,Mixed,MMP,1,630,630,Not applicable
Italy,1994,Mixed,MMP,2,630,630,Not applicable
Italy,1992,PR,List PR,1,630,630,Not applicable
Jamaica,2016,Plurality/Majority,FPTP,1,63,63,Not applicable
Jamaica,2011,Plurality/Majority,FPTP,1,63,63,Not applicable
Jamaica,2007,Plurality/Majority,FPTP,1,60,60,Not applicable
Jamaica,2002,Plurality/Majority,FPTP,1,60,60,Not applicable
Jamaica,1997,Plurality/Majority,FPTP,1,60,60,Not applicable
Jamaica,1993,Plurality/Majority,FPTP,1,60,60,Not applicable
Japan,2014,Mixed,Parallel,2,475,475,Not applicable
Japan,2012,Mixed,Parallel,2,480,480,Not applicable
Japan,2009,Mixed,Parallel,2,480,480,Not applicable
Japan,2005,Mixed,Parallel,2,480,480,Not applicable
Japan,2003,Mixed,Parallel,2,480,480,Not applicable
Japan,2000,Mixed,Parallel,2,480,480,Not applicable
Japan,1996,Mixed,Parallel,2,500,500,Not applicable
Japan,1993,Other,SNTV,1,511,511,Not applicable
Jersey,2014,Plurality/Majority,FPTP,H,49,49,Not applicable
Jersey,2011,Plurality/Majority,FPTP,H,51,51,Not applicable
Jordan,2016,PR,List PR,1,130,130,Not applicable
Jordan,2013,Mixed,Parallel,2,150,150,Not applicable
Jordan,2010,Other,SNTV,1,108,120,Not applicable
Jordan,2007,Other,SNTV,1,104,110,Not applicable
Jordan,2003,Other,SNTV,1,104,110,Not applicable
Jordan,1997,Other,SNTV,1,80,80,Not applicable
Jordan,1993,Other,SNTV,1,80,80,Not applicable
Kazakhstan,2016,PR,List PR,1,98,107,TRS
Kazakhstan,2012,PR,List PR,1,98,107,TRS
Kazakhstan,2007,Mixed,Parallel,2,98,107,TRS
Kazakhstan,2004,Mixed,Parallel,2,67,77,TRS
Kazakhstan,1999,Mixed,Parallel,2,67,77,TRS
Kazakhstan,1995,Mixed,Parallel,2,67,77,
Kazakhstan,1994,Plurality/Majority,FPTP,1,135,177,FPTP
Kenya,2017,Plurality/Majority,FPTP,2,337,350,TRS
Kenya,2013,Plurality/Majority,FPTP,2,337,350,TRS
Kenya,2007,Plurality/Majority,FPTP,1,210,222,FPTP
Kenya,2002,Plurality/Majority,FPTP,1,210,222,FPTP
Kenya,1997,Plurality/Majority,FPTP,1,210,222,FPTP
Kenya,1992,Plurality/Majority,FPTP,1,188,200,FPTP
Kiribati,2016,Plurality/Majority,TRS,1,44,46,FPTP
Kiribati,2011,Plurality/Majority,TRS,1,44,46,FPTP
Kiribati,2007,Plurality/Majority,TRS,1,44,46,FPTP
Kiribati,2003,Plurality/Majority,TRS,1,40,42,FPTP
Kiribati,2002,Plurality/Majority,TRS,1,40,42,FPTP
Kiribati,1998,Plurality/Majority,TRS,1,40,42,FPTP
"Korea, Dem. People's Republic of",2005,Plurality/Majority,TRS,1,687,687,Not applicable
"Korea, Republic of",2016,Mixed,Parallel,2,300,300,FPTP
"Korea, Republic of",2012,Mixed,Parallel,2,300,300,FPTP
"Korea, Republic of",2008,Mixed,Parallel,2,299,299,FPTP
"Korea, Republic of",2004,Mixed,Parallel,2,299,299,FPTP
"Korea, Republic of",2000,Mixed,Parallel,2,273,273,FPTP
"Korea, Republic of",1996,Mixed,Parallel,2,299,299,FPTP
"Korea, Republic of",1992,Mixed,Parallel,2,299,299,FPTP
Kosovo,2019,PR,List PR,1,120,120,Not applicable
Kosovo,2017,PR,List PR,1,120,120,Not applicable
Kosovo,2014,PR,List PR,1,120,120,Not applicable
Kosovo,2010,PR,List PR,1,120,120,Not applicable
Kosovo,2007,PR,List PR,1,120,120,Not applicable
Kosovo,2004,PR,List PR,1,120,120,Not applicable
Kosovo,2001,PR,List PR,1,120,120,Not applicable
Kuwait,2016,Plurality/Majority,BV,1,50,50,Not applicable
Kuwait,2013,Plurality/Majority,BV,1,50,50,Not applicable
Kuwait,2012,Plurality/Majority,BV,1,50,,Not applicable
Kuwait,2009,Plurality/Majority,BV,1,50,,Not applicable
Kuwait,2008,Plurality/Majority,BV,1,50,,Not applicable
Kuwait,2006,Plurality/Majority,BV,1,50,,Not applicable
Kuwait,2003,Plurality/Majority,BV,1,50,,Not applicable
Kuwait,1999,Plurality/Majority,BV,1,50,,Not applicable
Kuwait,1996,Plurality/Majority,BV,1,50,,Not applicable
Kuwait,1992,Plurality/Majority,BV,1,50,,Not applicable
Kyrgyzstan,2015,PR,List PR,1,120,120,TRS
Kyrgyzstan,2010,PR,List PR,1,120,120,TRS
Kyrgyzstan,2007,PR,List PR,1,90,90,TRS
Kyrgyzstan,2005,Plurality/Majority,TRS,1,75,75,TRS
Kyrgyzstan,2000,Mixed,Parallel,2,60,60,TRS
Kyrgyzstan,1995,Plurality/Majority,TRS,1,35,35,TRS
Lao People's Dem. Republic,2016,Plurality/Majority,BV,1,149,149,Not applicable
Lao People's Dem. Republic,2011,Plurality/Majority,BV,1,132,132,Not applicable
Lao People's Dem. Republic,2006,Plurality/Majority,BV,1,115,115,Not applicable
Lao People's Dem. Republic,2002,Plurality/Majority,BV,1,109,109,Not applicable
Lao People's Dem. Republic,1997,Plurality/Majority,BV,1,99,99,Not applicable
Lao People's Dem. Republic,1992,Plurality/Majority,BV,1,85,85,Not applicable
Latvia,2018,PR,List PR,1,100,100,Not applicable
Latvia,2014,PR,List PR,1,100,100,Not applicable
Latvia,2011,PR,List PR,1,100,100,Not applicable
Latvia,2010,PR,List PR,1,100,100,Not applicable
Latvia,2006,PR,List PR,1,100,100,Not applicable
Latvia,2002,PR,List PR,1,100,100,Not applicable
Latvia,1998,PR,List PR,1,100,100,Not applicable
Latvia,1995,PR,List PR,1,100,100,Not applicable
Latvia,1993,PR,List PR,1,100,100,Not applicable
Lebanon,2018,PR,List PR,1,128,128,Not applicable
Lebanon,2009,Plurality/Majority,BV,1,128,128,Not applicable
Lebanon,2005,Plurality/Majority,BV,1,128,128,Not applicable
Lebanon,2000,Plurality/Majority,BV,1,128,128,Not applicable
Lebanon,1996,Plurality/Majority,BV,1,128,128,Not applicable
Lebanon,1992,Plurality/Majority,BV,1,128,128,Not applicable
Lesotho,2017,Mixed,MMP,2,120,120,Not applicable
Lesotho,2015,Mixed,MMP,2,120,120,Not applicable
Lesotho,2012,Mixed,MMP,2,120,120,Not applicable
Lesotho,2007,Mixed,MMP,2,120,120,Not applicable
Lesotho,2002,Mixed,MMP,2,120,120,Not applicable
Lesotho,1998,Plurality/Majority,FPTP,1,80,80,Not applicable
Lesotho,1993,Plurality/Majority,FPTP,1,80,80,Not applicable
Liberia,2017,Plurality/Majority,FPTP,1,73,73,TRS
Liberia,2011,Plurality/Majority,FPTP,1,73,73,TRS
Liberia,2005,Plurality/Majority,FPTP,1,64,64,TRS
Liberia,1997,PR,List PR,1,64,64,TRS
Libya,2014,Mixed,Parallel,3,200,200,In transition
Libya,2012,Mixed,Parallel,3,200,200,In transition
Liechtenstein,2017,PR,List PR,1,25,25,Not applicable
Liechtenstein,2013,PR,List PR,1,25,25,Not applicable
Liechtenstein,2009,PR,List PR,1,25,25,Not applicable
Liechtenstein,2005,PR,List PR,1,25,25,Not applicable
Liechtenstein,2001,PR,List PR,1,25,25,Not applicable
Liechtenstein,1997,PR,List PR,1,25,25,Not applicable
Liechtenstein,1993,PR,List PR,1,25,25,Not applicable
Lithuania,2016,Mixed,Parallel,2,141,141,TRS
Lithuania,2012,Mixed,Parallel,2,141,141,TRS
Lithuania,2008,Mixed,Parallel,2,141,141,TRS
Lithuania,2004,Mixed,Parallel,2,141,141,TRS
Lithuania,2000,Mixed,Parallel,2,141,141,TRS
Lithuania,1996,Mixed,Parallel,2,141,141,TRS
Lithuania,1992,Mixed,Parallel,2,141,141,TRS
Luxembourg,2018,PR,List PR,1,60,60,Not applicable
Luxembourg,2013,PR,List PR,1,60,60,Not applicable
Luxembourg,2009,PR,List PR,1,60,60,Not applicable
Luxembourg,2004,PR,List PR,1,60,60,Not applicable
Luxembourg,1999,PR,List PR,1,60,60,Not applicable
Luxembourg,1994,PR,List PR,1,60,60,Not applicable
Madagascar,2019,Plurality/Majority and PR,FPTP,1,151,151,TRS
Madagascar,2013,Plurality/Majority and PR,FPTP,H,151,151,TRS
Madagascar,2007,Plurality/Majority,FPTP,1,127,127,TRS
Madagascar,2002,Plurality/Majority and PR,FPTP,1,160,160,TRS
Madagascar,1998,Plurality/Majority and PR,FPTP,H,150,150,TRS
Madagascar,1993,PR,List PR,1,138,138,TRS
Malawi,2019,Plurality/Majority,FPTP,1,193,193,FPTP
Malawi,2014,Plurality/Majority,FPTP,1,193,193,FPTP
Malawi,2009,Plurality/Majority,FPTP,1,193,193,FPTP
Malawi,2004,Plurality/Majority,FPTP,1,193,193,FPTP
Malawi,1999,Plurality/Majority,FPTP,1,193,193,FPTP
Malawi,1994,Plurality/Majority,FPTP,1,177,177,FPTP
Malaysia,2018,Plurality/Majority,FPTP,1,222,222,Not applicable
Malaysia,2013,Plurality/Majority,FPTP,1,222,222,Not applicable
Malaysia,2008,Plurality/Majority,FPTP,1,222,222,Not applicable
Malaysia,2004,Plurality/Majority,FPTP,1,219,219,Not applicable
Malaysia,1999,Plurality/Majority,FPTP,1,193,193,Not applicable
Malaysia,1995,Plurality/Majority,FPTP,1,192,192,Not applicable
Maldives,2019,Plurality/Majority,FPTP,1,87,87,TRS
Maldives,2014,Plurality/Majority,FPTP,1,85,85,TRS
Maldives,2009,Plurality/Majority,FPTP,1,77,77,TRS
Maldives,2005,Plurality/Majority,BV,1,42,50,Not applicable
Maldives,1999,Plurality/Majority,BV,1,42,50,Not applicable
Mali,2019,Plurality/Majority,TRS,1,147,147,TRS
Mali,2013,Plurality/Majority,TRS,1,147,147,TRS
Mali,2007,Plurality/Majority,TRS,1,147,147,TRS
Mali,2002,Plurality/Majority,TRS,1,147,147,TRS
Mali,1997,Plurality/Majority,TRS,1,147,147,TRS
Mali,1992,Plurality/Majority,TRS,1,129,129,TRS
Malta,2017,PR,STV,1,65,65,Not applicable
Malta,2013,PR,STV,1,65,65,Not applicable
Malta,2008,PR,STV,1,65,65,Not applicable
Malta,2003,PR,STV,1,65,65,Not applicable
Malta,1998,PR,STV,1,65,65,Not applicable
Malta,1996,PR,STV,1,65,65,Not applicable
Malta,1992,PR,STV,1,65,65,Not applicable
Marshall Islands,2019,Plurality/Majority,FPTP,H,33,33,Not applicable
Marshall Islands,2015,Plurality/Majority,FPTP,H,33,33,Not applicable
Marshall Islands,2007,Plurality/Majority,FPTP,H,33,33,Not applicable
Marshall Islands,2003,Plurality/Majority,FPTP,H,33,33,Not applicable
Marshall Islands,1999,Plurality/Majority,FPTP,H,33,33,Not applicable
Marshall Islands,1995,Plurality/Majority,FPTP,H,33,33,Not applicable
Mauritania,2018,Mixed,Parallel,3,157,157,TRS
Mauritania,2013,Mixed,Parallel,3,146,146,TRS
Mauritania,2006,Plurality/Majority,TRS,1,95,95,TRS
Mauritania,2001,Plurality/Majority,TRS,1,81,81,TRS
Mauritania,1996,Plurality/Majority,TRS,1,79,79,TRS
Mauritania,1992,Plurality/Majority,TRS,1,79,79,TRS
Mauritius,2019,Plurality/Majority,BV,1,62,70,Not applicable
Mauritius,2014,Plurality/Majority,BV,1,62,70,Not applicable
Mauritius,2010,Plurality/Majority,BV,1,62,70,Not applicable
Mauritius,2005,Plurality/Majority,BV,1,62,70,Not applicable
Mauritius,2000,Plurality/Majority,BV,1,62,70,Not applicable
Mauritius,1995,Plurality/Majority,BV,1,62,70,Not applicable
Mexico,2018,Mixed,MMP,2,500,500,FPTP
Mexico,2015,Mixed,MMP,2,500,500,FPTP
Mexico,2012,Mixed,MMP,2,500,500,FPTP
Mexico,2009,Mixed,MMP,2,500,500,FPTP
Mexico,2006,Mixed,MMP,2,500,500,FPTP
Mexico,2003,Mixed,MMP,2,500,500,FPTP
Mexico,2000,Mixed,MMP,2,500,500,FPTP
Mexico,1997,Mixed,MMP,2,500,500,FPTP
Mexico,1994,Mixed,Parallel,2,500,500,FPTP
Mexico,1991,Mixed,MMP,2,500,500,FPTP
"Micronesia, Federated States of",2019,Plurality/Majority,FPTP,2,14,14,Not applicable
"Micronesia, Federated States of",2017,Plurality/Majority,FPTP,2,10,10,Not applicable
"Micronesia, Federated States of",2015,Plurality/Majority,FPTP,2,14,14,Not applicable
"Micronesia, Federated States of",2013,Plurality/Majority,FPTP,2,10,10,Not applicable
"Micronesia, Federated States of",2011,Plurality/Majority,FPTP,2,14,14,Not applicable
"Micronesia, Federated States of",2009,Plurality/Majority,FPTP,2,10,10,Not applicable
"Micronesia, Federated States of",2007,Plurality/Majority,FPTP,2,14,14,Not applicable
"Micronesia, Federated States of",2005,Plurality/Majority,FPTP,2,14,14,Not applicable
"Micronesia, Federated States of",2003,Plurality/Majority,FPTP,2,14,14,Not applicable
"Micronesia, Federated States of",2001,Plurality/Majority,FPTP,2,14,14,Not applicable
"Micronesia, Federated States of",1999,Plurality/Majority,FPTP,2,14,14,Not applicable
"Micronesia, Federated States of",1997,Plurality/Majority,FPTP,2,14,14,Not applicable
"Moldova, Republic of",2019,Mixed,Parallel,2,101,101,TRS
"Moldova, Republic of",2014,PR,List PR,1,101,101,TRS
"Moldova, Republic of",2010,PR,List PR,1,101,101,Not applicable
"Moldova, Republic of",2009,PR,List PR,1,101,101,Not applicable
"Moldova, Republic of",2005,PR,List PR,1,101,101,Not applicable
"Moldova, Republic of",2001,PR,List PR,1,101,101,Not applicable
"Moldova, Republic of",1998,PR,List PR,1,101,101,Not applicable
"Moldova, Republic of",1994,Plurality/Majority,TRS,1,104,104,Not applicable
Monaco,2018,Mixed,Parallel,2,24,24,Not applicable
Monaco,2013,Mixed,Parallel,2,24,24,Not applicable
Monaco,2008,Mixed,Parallel,2,24,24,Not applicable
Monaco,2003,Mixed,Parallel,2,24,24,Not applicable
Monaco,1998,Plurality/Majority,TRS,1,18,18,Not applicable
Monaco,1993,Plurality/Majority,TRS,1,18,18,Not applicable
Mongolia,2016,Plurality/Majority,FPTP,1,76,76,TRS
Mongolia,2012,Mixed,Parallel,2,76,76,TRS
Mongolia,2008,Plurality/Majority,TRS,1,76,76,TRS
Mongolia,2004,Plurality/Majority,TRS,1,76,76,TRS
Mongolia,2000,Plurality/Majority,TRS,1,76,76,TRS
Mongolia,1996,Plurality/Majority,TRS,1,76,76,TRS
Mongolia,1992,Plurality/Majority,TRS,1,76,76,TRS
Montenegro,2016,PR,List PR,1,81,81,TRS
Montenegro,2012,PR,List PR,1,81,81,TRS
Montenegro,2009,PR,List PR,1,81,81,TRS
Montenegro,2006,PR,List PR,1,81,81,TRS
Montserrat,2019,Plurality/Majority,TRS,1,9,11,Not applicable
Montserrat,2014,Plurality/Majority,TRS,1,9,11,Not applicable
Montserrat,2009,Plurality/Majority,TRS,1,9,11,Not applicable
Montserrat,2006,Plurality/Majority,TRS,1,9,11,Not applicable
Montserrat,2001,Plurality/Majority,TRS,1,9,11,Not applicable
Montserrat,1996,Plurality/Majority,FPTP,1,7,9,Not applicable
Montserrat,1991,Plurality/Majority,FPTP,1,7,9,Not applicable
Morocco,2016,PR,List PR,2,395,395,Not applicable
Morocco,2011,PR,List PR,2,395,395,Not applicable
Morocco,2007,PR,List PR,2,325,325,Not applicable
Morocco,2002,PR,List PR,2,325,325,Not applicable
Morocco,1997,PR,List PR,2,325,325,Not applicable
Morocco,1993,Plurality/Majority,FPTP,1,222,333,Not applicable
Mozambique,2019,PR,List PR,1,250,250,TRS
Mozambique,2014,PR,List PR,1,250,250,TRS
Mozambique,2009,PR,List PR,1,250,250,TRS
Mozambique,2004,PR,List PR,1,250,250,TRS
Mozambique,1999,PR,List PR,1,250,250,TRS
Mozambique,1994,PR,List PR,1,250,250,TRS
Myanmar,2015,Plurality/Majority,FPTP,1,330,440,Not applicable
Myanmar,2010,Plurality/Majority,FPTP,1,330,440,Not applicable
Namibia,2019,PR,List PR,1,96,96,TRS
Namibia,2014,PR,List PR,1,96,96,TRS
Namibia,2009,PR,List PR,1,72,72,TRS
Namibia,2004,PR,List PR,1,72,72,TRS
Namibia,1999,PR,List PR,1,72,72,TRS
Namibia,1994,PR,List PR,1,72,72,TRS
Nauru,2019,Other,Modified BC,1,19,19,Not applicable
Nauru,2016,Other,Modified BC,1,19,19,Not applicable
Nauru,2013,Other,Modified BC,1,19,19,Not applicable
Nauru,2010,Other,Modified BC,1,18,18,Not applicable
Nauru,2008,Other,Modified BC,1,18,18,Not applicable
Nauru,2007,Other,Modified BC,1,18,18,Not applicable
Nauru,2004,Other,Modified BC,1,18,18,Not applicable
Nauru,2003,Other,Modified BC,1,18,18,Not applicable
Nauru,2000,Other,Modified BC,1,18,18,Not applicable
Nauru,1997,Other,Modified BC,1,18,18,Not applicable
Nauru,1995,Other,Modified BC,1,18,18,Not applicable
Nauru,1992,Other,Modified BC,1,18,18,Not applicable
Nepal,2017,Mixed,Parallel,2,275,275,Not applicable
Nepal,2013,Mixed,Parallel,2,575,601,Not applicable
Nepal,2008,Mixed,Parallel,2,575,601,Not applicable
Nepal,1999,Plurality/Majority,FPTP,1,205,205,Not applicable
Nepal,1994,Plurality/Majority,FPTP,1,205,205,Not applicable
Nepal,1991,Plurality/Majority,FPTP,1,205,205,Not applicable
Netherlands,2017,PR,List PR,1,150,150,Not applicable
Netherlands,2012,PR,List PR,1,150,150,Not applicable
Netherlands,2010,PR,List PR,1,150,150,Not applicable
Netherlands,2006,PR,List PR,1,150,150,Not applicable
Netherlands,2003,PR,List PR,1,150,150,Not applicable
Netherlands,2002,PR,List PR,1,150,150,Not applicable
Netherlands,1998,PR,List PR,1,150,150,Not applicable
Netherlands,1994,PR,List PR,1,150,150,Not applicable
Netherlands Antilles,2010,PR,List PR,1,22,22,Not applicable
Netherlands Antilles,2006,PR,List PR,1,22,22,Not applicable
Netherlands Antilles,2002,PR,List PR,1,22,22,Not applicable
Netherlands Antilles,1998,PR,List PR,1,27,27,Not applicable
New Zealand,2017,Mixed,MMP,3,120,120,Not applicable
New Zealand,2014,Mixed,MMP,3,121,121,Not applicable
New Zealand,2011,Mixed,MMP,3,121,121,Not applicable
New Zealand,2008,Mixed,MMP,3,122,122,Not applicable
New Zealand,2005,Mixed,MMP,3,121,121,Not applicable
New Zealand,2002,Mixed,MMP,3,120,120,Not applicable
New Zealand,1999,Mixed,MMP,3,120,120,Not applicable
New Zealand,1996,Mixed,MMP,3,120,120,Not applicable
New Zealand,1993,Plurality/Majority,FPTP,1,99,99,Not applicable
Nicaragua,2016,PR,List PR,2,90,92,TRS
Nicaragua,2011,PR,List PR,2,90,92,TRS
Nicaragua,2006,PR,List PR,2,90,92,TRS
Nicaragua,2001,PR,List PR,2,90,92,TRS
Nicaragua,1996,PR,List PR,2,90,92,TRS
Niger,2016,PR,List PR,H,171,171,TRS
Niger,2011,PR,List PR,H,113,113,TRS
Niger,2009,PR,List PR,H,113,113,TRS
Niger,2004,PR,List PR,H,113,113,TRS
Niger,1999,PR,List PR,H,83,83,TRS
Niger,1996,PR,List PR,H,83,83,TRS
Niger,1995,PR,List PR,2,83,83,TRS
Niger,1993,PR,List PR,2,83,83,TRS
Nigeria,2019,Plurality/Majority,FPTP,1,360,360,TRS
Nigeria,2015,Plurality/Majority,FPTP,1,360,360,TRS
Nigeria,2011,Plurality/Majority,FPTP,1,360,360,TRS
Nigeria,2007,Plurality/Majority,FPTP,1,360,360,TRS
Nigeria,2003,Plurality/Majority,FPTP,1,360,360,TRS
Nigeria,1999,Plurality/Majority,FPTP,1,360,360,TRS
Niue,2017,Plurality/Majority,FPTP,2,20,20,Not applicable
Niue,2014,Plurality/Majority,FPTP,2,20,20,Not applicable
Niue,2011,Plurality/Majority,FPTP,2,20,20,Not applicable
Niue,2008,Plurality/Majority,FPTP,2,20,20,Not applicable
Niue,2005,Plurality/Majority,FPTP,2,20,20,Not applicable
Niue,2002,Plurality/Majority,FPTP,2,20,20,Not applicable
Niue,1999,Plurality/Majority,FPTP,2,20,20,Not applicable
"North Macedonia, Republic of ",2016,PR,List PR,1,120,120,TRS
"North Macedonia, Republic of ",2014,PR,List PR,1,123,123,TRS
"North Macedonia, Republic of ",2011,PR,List PR,1,123,123,TRS
"North Macedonia, Republic of ",2008,PR,List PR,1,120,120,TRS
"North Macedonia, Republic of ",2006,PR,List PR,1,120,120,TRS
"North Macedonia, Republic of ",2002,PR,List PR,1,120,120,TRS
"North Macedonia, Republic of ",1998,Mixed,Parallel,2,120,120,TRS
"North Macedonia, Republic of ",1994,Plurality/Majority,TRS,1,120,120,TRS
Norway,2017,PR,List PR,2,169,169,Not applicable
Norway,2013,PR,List PR,2,169,169,Not applicable
Norway,2009,PR,List PR,2,169,169,Not applicable
Norway,2005,PR,List PR,2,169,169,Not applicable
Norway,2001,PR,List PR,2,165,165,Not applicable
Norway,1997,PR,List PR,2,165,165,Not applicable
Norway,1993,PR,List PR,1,165,165,Not applicable
Oman,2019,Plurality/Majority,FPTP,H,86,86,Not applicable
Oman,2015,Plurality/Majority,FPTP,H,84,84,Not applicable
Oman,2011,Plurality/Majority,FPTP,H,84,84,Not applicable
Oman,2007,Plurality/Majority,FPTP,H,84,84,Not applicable
Oman,2003,Plurality/Majority,FPTP,H,83,83,Not applicable
Oman,2000,Plurality/Majority,FPTP,H,83,83,Not applicable
Pakistan,2018,Mixed,Parallel,2,342,342,Not applicable
Pakistan,2013,Mixed,Parallel,2,342,342,Not applicable
Pakistan,2008,Mixed,Parallel,2,342,342,Not applicable
Pakistan,2002,Mixed,Parallel,2,342,342,Not applicable
Pakistan,1997,Plurality/Majority,FPTP,1,217,217,Not applicable
Pakistan,1993,Plurality/Majority,FPTP,1,217,217,Not applicable
Palau,2016,Plurality/Majority,FPTP,1,16,16,TRS
Palau,2012,Plurality/Majority,FPTP,1,16,16,TRS
Palau,2008,Plurality/Majority,FPTP,1,16,16,TRS
Palau,2004,Plurality/Majority,FPTP,1,16,16,TRS
Palau,2000,Plurality/Majority,FPTP,1,16,16,TRS
Palau,1996,Plurality/Majority,FPTP,1,16,16,TRS
Palau,1993,Plurality/Majority,FPTP,1,16,16,TRS
Panama,2019,PR,FPTP,H,71,71,FPTP
Panama,2014,PR,FPTP,H,71,71,FPTP
Panama,2009,PR,FPTP,H,71,71,FPTP
Panama,2004,PR,FPTP,H,78,78,FPTP
Panama,1999,PR,FPTP,H,71,71,FPTP
Panama,1994,PR,FPTP,H,72,72,FPTP
Papua New Guinea,2017,Plurality/Majority,AV,2,111,111,Not applicable
Papua New Guinea,2012,Plurality/Majority,AV,2,111,111,Not applicable
Papua New Guinea,2007,Plurality/Majority,AV,2,109,111,Not applicable
Papua New Guinea,2002,Plurality/Majority,FPTP,2,109,109,Not applicable
Papua New Guinea,1997,Plurality/Majority,FPTP,2,109,109,Not applicable
Papua New Guinea,1992,Plurality/Majority,FPTP,2,109,109,Not applicable
Paraguay,2018,PR,List PR,1,80,80,FPTP
Paraguay,2013,PR,List PR,1,80,80,FPTP
Paraguay,2008,PR,List PR,1,80,80,FPTP
Paraguay,2003,PR,List PR,1,80,80,FPTP
Paraguay,1998,PR,List PR,1,80,80,FPTP
Paraguay,1993,PR,List PR,1,80,80,FPTP
Peru,2020,PR,List PR,1,130,130,TRS
Peru,2016,PR,List PR,1,130,130,TRS
Peru,2011,PR,List PR,1,130,130,TRS
Peru,2006,PR,List PR,1,120,120,TRS
Peru,2001,PR,List PR,1,120,120,TRS
Peru,2000,PR,List PR,1,120,120,TRS
Peru,1995,PR,List PR,1,120,120,TRS
Philippines,2019,Mixed,Parallel,2,306,306,FPTP
Philippines,2016,Mixed,Parallel,2,297,297,FPTP
Philippines,2013,Mixed,Parallel,2,292,292,FPTP
Philippines,2010,Mixed,Parallel,2,286,286,FPTP
Philippines,2007,Mixed,Parallel,2,270,270,FPTP
Philippines,2004,Mixed,Parallel,2,239,239,FPTP
Philippines,2001,Mixed,Parallel,2,221,221,FPTP
Philippines,1998,Mixed,Parallel,2,220,220,FPTP
Philippines,1995,Plurality/Majority,FPTP,1,204,204,FPTP
Philippines,1992,Plurality/Majority,FPTP,1,199,199,FPTP
Pitcairn Islands,2005,Other,SNTV,1,6,8,Not applicable
Poland,2019,PR,List PR,1,460,460,TRS
Poland,2015,PR,List PR,1,460,460,TRS
Poland,2011,PR,List PR,1,460,460,TRS
Poland,2007,PR,List PR,1,460,460,TRS
Poland,2005,PR,List PR,1,460,460,TRS
Poland,2001,PR,List PR,1,460,460,TRS
Poland,1997,PR,List PR,1,460,460,TRS
Poland,1993,PR,List PR,2,460,460,TRS
Poland,1991,PR,List PR,2,460,460,TRS
Portugal,2019,PR,List PR,1,230,230,TRS
Portugal,2015,PR,List PR,1,230,230,TRS
Portugal,2011,PR,List PR,1,230,230,TRS
Portugal,2009,PR,List PR,1,230,230,TRS
Portugal,2005,PR,List PR,1,230,230,TRS
Portugal,2002,PR,List PR,1,230,230,TRS
Portugal,1999,PR,List PR,1,230,230,TRS
Portugal,1995,PR,List PR,1,230,230,TRS
Portugal,1991,PR,List PR,1,230,230,TRS
Qatar,2012,In transition,In transition,,,,Not applicable
Republic of The Congo (Brazzaville),2017,Plurality/Majority,TRS,1,151,151,TRS
Republic of The Congo (Brazzaville),2007,Plurality/Majority,TRS,1,137,137,TRS
Republic of The Congo (Brazzaville),2002,Plurality/Majority,TRS,1,125,125,TRS
Romania,2016,PR,List PR,1,312,329,TRS
Romania,2012,Mixed,MMP,2,332,332,TRS
Romania,2008,Mixed,MMP,2,334,334,TRS
Romania,2004,PR,List PR,1,332,332,TRS
Romania,2000,PR,List PR,1,345,345,TRS
Romania,1996,PR,List PR,1,343,343,TRS
Russian Federation,2016,Mixed,Parallel,2,450,450,TRS
Russian Federation,2011,PR,List PR,1,450,450,TRS
Russian Federation,2007,PR,List PR,1,450,450,TRS
Russian Federation,2003,Mixed,Parallel,2,450,450,TRS
Russian Federation,1999,Mixed,Parallel,2,450,450,TRS
Russian Federation,1995,Mixed,Parallel,2,450,450,TRS
Russian Federation,1993,Mixed,Parallel,2,450,450,TRS
Rwanda,2018,PR,List PR,1,53,80,FPTP
Rwanda,2013,PR,List PR,1,53,80,FPTP
Rwanda,2008,PR,List PR,1,53,80,FPTP
Rwanda,2003,PR,List PR,1,53,80,FPTP
Saint Helena,2005,Plurality/Majority,FPTP,H,12,14,Not applicable
Saint Kitts and Nevis,2015,Plurality/Majority,FPTP,1,11,15,Not applicable
Saint Kitts and Nevis,2010,Plurality/Majority,FPTP,1,11,,Not applicable
Saint Kitts and Nevis,2005,Plurality/Majority,FPTP,1,11,,Not applicable
Saint Kitts and Nevis,2004,Plurality/Majority,FPTP,1,11,,Not applicable
Saint Kitts and Nevis,2000,Plurality/Majority,FPTP,1,11,,Not applicable
Saint Kitts and Nevis,1995,Plurality/Majority,FPTP,1,11,,Not applicable
Saint Lucia,2016,Plurality/Majority,FPTP,1,17,17,Not applicable
Saint Lucia,2011,Plurality/Majority,FPTP,1,17,17,Not applicable
Saint Lucia,2006,Plurality/Majority,FPTP,1,17,17,Not applicable
Saint Lucia,2001,Plurality/Majority,FPTP,1,17,17,Not applicable
Saint Lucia,1997,Plurality/Majority,FPTP,1,17,17,Not applicable
Saint Vincent and The Grenadines,2015,Plurality/Majority,FPTP,1,15,23,Not applicable
Saint Vincent and The Grenadines,2010,Plurality/Majority,FPTP,1,15,21,Not applicable
Saint Vincent and The Grenadines,2005,Plurality/Majority,FPTP,1,15,22,Not applicable
Saint Vincent and The Grenadines,2001,Plurality/Majority,FPTP,1,15,22,Not applicable
Saint Vincent and The Grenadines,1998,Plurality/Majority,FPTP,1,15,21,Not applicable
Samoa,2016,Plurality/Majority,FPTP,H,49,50,Not applicable
Samoa,2011,Plurality/Majority,FPTP,H,49,49,Not applicable
Samoa,2006,Plurality/Majority,FPTP,H,49,49,Not applicable
Samoa,2001,Plurality/Majority,FPTP,H,49,49,Not applicable
Samoa,1996,Plurality/Majority,FPTP,H,49,49,Not applicable
San Marino,2019,PR,List PR,1,60,60,Not applicable
San Marino,2016,PR,List PR,1,60,60,Not applicable
San Marino,2012,PR,List PR,1,60,60,Not applicable
San Marino,2008,PR,List PR,1,60,60,Not applicable
San Marino,2006,PR,List PR,1,60,60,Not applicable
San Marino,2001,PR,List PR,1,60,60,Not applicable
San Marino,1998,PR,List PR,1,60,60,Not applicable
Sao Tome and Principe,2018,PR,List PR,1,55,55,TRS
Sao Tome and Principe,2014,PR,List PR,1,55,55,TRS
Sao Tome and Principe,2010,PR,List PR,1,55,55,TRS
Sao Tome and Principe,2006,PR,List PR,1,55,55,TRS
Sao Tome and Principe,2002,PR,List PR,1,55,55,TRS
Sao Tome and Principe,1998,PR,List PR,1,55,55,TRS
Sao Tome and Principe,1994,PR,List PR,1,55,55,TRS
Sao Tome and Principe,1991,PR,List PR,1,55,55,TRS
Saudi Arabia,2018,Not applicable,No direct elections,,,,Not applicable
Senegal,2017,Mixed,Parallel,3,165,165,TRS
Senegal,2012,Mixed,Parallel,2,150,150,TRS
Senegal,2007,Mixed,Parallel,2,150,150,TRS
Senegal,2001,Mixed,Parallel,2,120,120,TRS
Senegal,1998,Mixed,Parallel,2,140,140,TRS
Senegal,1993,Mixed,Parallel,2,120,120,TRS
Serbia,2016,PR,List PR,1,250,250,TRS
Serbia,2014,PR,List PR,1,250,250,TRS
Serbia,2012,PR,List PR,1,250,250,TRS
Serbia,2008,PR,List PR,1,250,250,TRS
Serbia,2007,PR,List PR,1,250,250,TRS
Seychelles,2016,Mixed,Parallel,2,33,33,TRS
Seychelles,2011,Mixed,Parallel,2,32,32,TRS
Seychelles,2007,Mixed,Parallel,2,32,32,TRS
Seychelles,2002,Mixed,Parallel,2,34,34,TRS
Seychelles,1998,Mixed,Parallel,2,34,34,TRS
Seychelles,1993,Mixed,Parallel,2,33,33,TRS
Sierra Leone,2018,Plurality/Majority,FPTP,1,132,146,TRS
Sierra Leone,2012,Plurality/Majority,FPTP,1,112,124,TRS
Sierra Leone,2007,Plurality/Majority,FPTP,1,112,124,TRS
Sierra Leone,2002,PR,List PR,1,112,124,TRS
Sierra Leone,1996,PR,List PR,1,68,80,TRS
Singapore,2015,Plurality/Majority,FPTP,H,89,101,FPTP
Singapore,2011,Plurality/Majority,FPTP,H,87,110,FPTP
Singapore,2006,Plurality/Majority,FPTP,H,84,104,FPTP
Singapore,2001,Plurality/Majority,FPTP,H,84,103,FPTP
Singapore,1997,Plurality/Majority,FPTP,H,83,99,FPTP
Singapore,1991,Plurality/Majority,FPTP,H,81,91,FPTP
Singapore,1988,Plurality/Majority,FPTP,H,81,84,Not applicable
Singapore,1984,Plurality/Majority,FPTP,1,79,79,Not applicable
Slovakia,2020,PR,List PR,1,150,150,TRS
Slovakia,2016,PR,List PR,1,150,150,TRS
Slovakia,2012,PR,List PR,1,150,150,TRS
Slovakia,2006,PR,List PR,1,150,150,TRS
Slovakia,2002,PR,List PR,1,150,150,TRS
Slovakia,1998,PR,List PR,1,150,150,TRS
Slovakia,1994,PR,List PR,1,150,150,Not applicable
Slovenia,2018,PR,List PR,2,90,90,TRS
Slovenia,2014,PR,List PR,2,90,90,TRS
Slovenia,2011,PR,List PR,2,90,90,TRS
Slovenia,2008,PR,List PR,2,90,90,TRS
Slovenia,2004,PR,List PR,2,90,90,TRS
Slovenia,2000,PR,List PR,2,90,90,TRS
Slovenia,1996,PR,List PR,2,90,90,TRS
Slovenia,1992,PR,List PR,2,90,90,TRS
Solomon Islands,2019,Plurality/Majority,FPTP,1,50,50,Not applicable
Solomon Islands,2014,Plurality/Majority,FPTP,1,50,50,Not applicable
Solomon Islands,2010,Plurality/Majority,FPTP,1,50,50,Not applicable
Solomon Islands,2006,Plurality/Majority,FPTP,1,50,50,Not applicable
Solomon Islands,2001,Plurality/Majority,FPTP,1,50,50,Not applicable
Solomon Islands,1997,Plurality/Majority,FPTP,1,50,50,Not applicable
Somalia,2016,Not applicable,No direct elections,,,,Not applicable
South Africa,2019,PR,List PR,2,400,400,Not applicable
South Africa,2014,PR,List PR,2,400,400,Not applicable
South Africa,2009,PR,List PR,2,400,400,Not applicable
South Africa,2004,PR,List PR,2,400,400,Not applicable
South Africa,1999,PR,List PR,2,400,400,Not applicable
South Africa,1994,PR,List PR,1,400,400,Not applicable
South Sudan,2016,In transition,In transition,,,,In transition
South Sudan,2010,Mixed,Parallel,3,170,170,TRS
Spain,2019,PR,List PR,1,350,350,Not applicable
Spain,2016,PR,List PR,1,350,350,Not applicable
Spain,2015,PR,List PR,1,350,350,Not applicable
Spain,2011,PR,List PR,1,350,350,Not applicable
Spain,2008,PR,List PR,1,350,350,Not applicable
Spain,2004,PR,List PR,1,350,350,Not applicable
Spain,2000,PR,List PR,1,350,350,Not applicable
Spain,1996,PR,List PR,1,350,350,Not applicable
Spain,1993,PR,List PR,1,350,350,Not applicable
Sri Lanka,2015,PR,List PR,2,225,225,SV
Sri Lanka,2010,PR,List PR,2,225,225,SV
Sri Lanka,2004,PR,List PR,2,225,225,SV
Sri Lanka,2001,PR,List PR,2,225,225,SV
Sri Lanka,2000,PR,List PR,2,225,225,SV
Sri Lanka,1994,PR,List PR,2,225,225,SV
State of Palestine,2006,Mixed,Parallel,2,132,132,FPTP
State of Palestine,1996,Plurality/Majority,BV,1,88,88,FPTP
Sudan,2015,Mixed,Parallel,3,450,450,TRS
Sudan,2010,Mixed,Parallel,3,450,450,TRS
Sudan,2000,Plurality/Majority,FPTP,1,270,360,TRS
Sudan,1996,Plurality/Majority,FPTP,1,275,400,TRS
Suriname,2015,PR,List PR,1,51,51,Not applicable
Suriname,2010,PR,List PR,1,51,51,Not applicable
Suriname,2005,PR,List PR,1,51,51,Not applicable
Suriname,2000,PR,List PR,1,51,51,Not applicable
Suriname,1996,PR,List PR,1,51,51,Not applicable
Suriname,1991,PR,List PR,1,51,51,Not applicable
Swaziland,2018,Plurality/Majority,FPTP,1,59,70,Not applicable
Swaziland,2013,Plurality/Majority,FPTP,1,55,65,Not applicable
Swaziland,2008,Plurality/Majority,FPTP,1,55,65,Not applicable
Swaziland,2003,Plurality/Majority,FPTP,1,55,65,Not applicable
Swaziland,1998,Plurality/Majority,FPTP,1,55,65,Not applicable
Sweden,2018,PR,List PR,2,,349,Not applicable
Sweden,2014,PR,List PR,2,349,349,Not applicable
Sweden,2010,PR,List PR,2,349,349,Not applicable
Sweden,2006,PR,List PR,2,349,349,Not applicable
Sweden,2002,PR,List PR,2,349,349,Not applicable
Sweden,1998,PR,List PR,2,349,349,Not applicable
Sweden,1994,PR,List PR,2,349,349,Not applicable
Sweden,1991,PR,List PR,2,349,349,Not applicable
Switzerland,2019,PR,List PR,1,200,200,Not applicable
Switzerland,2015,PR,List PR,1,200,200,Not applicable
Switzerland,2011,PR,List PR,1,200,200,Not applicable
Switzerland,2007,PR,List PR,1,200,200,Not applicable
Switzerland,2003,PR,List PR,1,200,200,Not applicable
Switzerland,1999,PR,List PR,1,200,200,Not applicable
Switzerland,1995,PR,List PR,1,200,200,Not applicable
Switzerland,1991,PR,List PR,1,200,200,Not applicable
Syrian Arab Republic,2016,Plurality/Majority,BV,1,250,250,TRS
Syrian Arab Republic,2012,Plurality/Majority,BV,1,250,250,Not applicable
Syrian Arab Republic,2007,Plurality/Majority,BV,1,250,250,Not applicable
Syrian Arab Republic,2003,Plurality/Majority,BV,1,250,250,Not applicable
Syrian Arab Republic,1998,Plurality/Majority,BV,1,250,250,Not applicable
Syrian Arab Republic,1994,Plurality/Majority,BV,1,250,250,Not applicable
Taiwan,2020,Mixed,Parallel,3,113,113,FPTP
Taiwan,2016,Mixed,Parallel,3,113,113,FPTP
Taiwan,2012,Mixed,Parallel,3,113,113,FPTP
Taiwan,2008,Mixed,Parallel,3,113,113,FPTP
Taiwan,2004,Mixed,Parallel,2,225,225,FPTP
Taiwan,2001,Mixed,Parallel,2,225,225,FPTP
Taiwan,1998,Mixed,Parallel,2,225,225,FPTP
Taiwan,1996,Mixed,Parallel,2,334,334,FPTP
Taiwan,1995,Mixed,Parallel,2,164,164,FPTP
Taiwan,1992,Mixed,Parallel,2,162,162,FPTP
Taiwan,1991,Mixed,Parallel,2,325,325,FPTP
Tajikistan,2020,Mixed,Parallel,2,63,63,TRS
Tajikistan,2015,Mixed,Parallel,2,63,63,TRS
Tajikistan,2010,Mixed,Parallel,2,63,63,TRS
Tajikistan,2005,Mixed,Parallel,2,63,63,TRS
Tajikistan,2000,Mixed,Parallel,2,63,63,TRS
Tajikistan,1995,Plurality/Majority,TRS,1,181,181,TRS
"Tanzania, United Republic of",2015,Plurality/Majority,FPTP,1,239,357,FPTP
"Tanzania, United Republic of",2010,Plurality/Majority,FPTP,1,239,357,FPTP
"Tanzania, United Republic of",2005,Plurality/Majority,FPTP,1,232,319,FPTP
"Tanzania, United Republic of",2000,Plurality/Majority,FPTP,1,232,275,TRS
"Tanzania, United Republic of",1995,Plurality/Majority,FPTP,1,232,275,TRS
Thailand,2019,Mixed,MMP,2,500,500,Not applicable
Thailand,2014,Mixed,Parallel,2,500,500,Not applicable
Thailand,2011,Mixed,Parallel,2,500,500,Not applicable
Thailand,2007,Mixed,Parallel,2,480,480,Not applicable
Thailand,2006,Mixed,Parallel,2,500,500,Not applicable
Thailand,2005,Mixed,Parallel,2,500,500,Not applicable
Thailand,2001,Mixed,Parallel,2,500,500,Not applicable
Thailand,1996,Plurality/Majority,BV,1,393,393,Not applicable
Thailand,1995,Plurality/Majority,BV,1,391,391,Not applicable
Thailand,1992,Plurality/Majority,BV,1,360,360,Not applicable
Timor-Leste,2018,PR,List PR,1,65,65,TRS
Timor-Leste,2017,PR,List PR,1,65,65,TRS
Timor-Leste,2012,PR,List PR,1,65,65,TRS
Timor-Leste,2007,PR,List PR,1,65,65,TRS
Timor-Leste,2001,Mixed,Parallel,2,88,88,TRS
Togo,2020,,,,,,TRS
Togo,2018,PR,List PR,1,91,91,FPTP
Togo,2013,PR,List PR,1,91,91,FPTP
Togo,2007,PR,List PR,1,81,81,FPTP
Togo,2002,Plurality/Majority,TRS,1,81,81,FPTP
Togo,1999,Plurality/Majority,TRS,1,81,81,FPTP
Togo,1994,Plurality/Majority,TRS,1,78,78,FPTP
Tokelau,2020,Plurality/Majority,FPTP,1,22,22,Not applicable
Tokelau,2017,Plurality/Majority,FPTP,1,21,21,Not applicable
Tokelau,2014,Plurality/Majority,FPTP,1,20,20,Not applicable
Tokelau,2011,Plurality/Majority,FPTP,1,20,20,Not applicable
Tokelau,2008,Plurality/Majority,FPTP,1,20,20,Not applicable
Tonga,2017,Plurality/Majority,FPTP,1,17,26,Not applicable
Tonga,2014,Plurality/Majority,FPTP,1,17,26,Not applicable
Tonga,2010,Plurality/Majority,FPTP,1,17,26,Not applicable
Tonga,2008,Plurality/Majority,BV,1,9,30,Not applicable
Tonga,2005,Plurality/Majority,BV,1,9,30,Not applicable
Tonga,1999,Plurality/Majority,BV,1,9,30,Not applicable
Tonga,1996,Plurality/Majority,BV,1,9,30,Not applicable
Tonga,1993,Plurality/Majority,BV,1,9,30,Not applicable
Trinidad and Tobago,2015,Plurality/Majority,FPTP,1,41,41,Not applicable
Trinidad and Tobago,2010,Plurality/Majority,FPTP,1,41,41,Not applicable
Trinidad and Tobago,2007,Plurality/Majority,FPTP,1,41,41,Not applicable
Trinidad and Tobago,2002,Plurality/Majority,FPTP,1,36,36,Not applicable
Trinidad and Tobago,2001,Plurality/Majority,FPTP,1,36,36,Not applicable
Trinidad and Tobago,2000,Plurality/Majority,FPTP,1,36,36,Not applicable
Trinidad and Tobago,1995,Plurality/Majority,FPTP,1,36,36,Not applicable
Trinidad and Tobago,1991,Plurality/Majority,FPTP,1,36,36,Not applicable
Tunisia,2019,PR,List PR,1,217,217,TRS
Tunisia,2014,PR,List PR,1,217,217,TRS
Tunisia,2011,PR,List PR,1,217,217,TRS
Tunisia,2009,Mixed,Parallel,2,214,214,FPTP
Tunisia,2004,Mixed,Parallel,2,189,189,FPTP
Tunisia,1999,Mixed,Parallel,2,183,183,FPTP
Tunisia,1994,Mixed,Parallel,2,163,163,FPTP
Turkey,2018,PR,List PR,1,600,600,TRS
Turkey,2015,PR,List PR,1,550,550,TRS
Turkey,2011,PR,List PR,1,550,550,Not applicable
Turkey,2007,PR,List PR,1,550,550,Not applicable
Turkey,2002,PR,List PR,1,550,550,Not applicable
Turkey,1999,PR,List PR,1,550,550,Not applicable
Turkmenistan,2018,Plurality/Majority,TRS,1,125,125,TRS
Turkmenistan,2013,Plurality/Majority,TRS,1,125,125,TRS
Turkmenistan,2009,Plurality/Majority,TRS,1,125,125,TRS
Turkmenistan,2004,Plurality/Majority,TRS,1,50,50,TRS
Turkmenistan,1999,Plurality/Majority,TRS,1,50,50,TRS
Turks and Caicos Islands,2012,Plurality/Majority,FPTP,2,15,19,Not applicable
Turks and Caicos Islands,2007,Plurality/Majority,FPTP,1,15,18,Not applicable
Turks and Caicos Islands,2003,Plurality/Majority,FPTP,1,13,18,Not applicable
Turks and Caicos Islands,1999,Plurality/Majority,FPTP,1,13,,Not applicable
Turks and Caicos Islands,1995,Plurality/Majority,FPTP,1,13,,Not applicable
Turks and Caicos Islands,1991,Plurality/Majority,FPTP,1,13,,Not applicable
Tuvalu,2019,Plurality/Majority,BV,1,16,16,Not applicable
Tuvalu,2015,Plurality/Majority,BV,1,15,15,Not applicable
Tuvalu,2010,Plurality/Majority,BV,1,15,15,Not applicable
Tuvalu,2006,Plurality/Majority,BV,1,15,15,Not applicable
Tuvalu,2002,Plurality/Majority,BV,1,15,15,Not applicable
Tuvalu,1998,Plurality/Majority,BV,1,15,15,Not applicable
Uganda,2016,Plurality/Majority,FPTP,1,402,427,TRS
Uganda,2011,Plurality/Majority,FPTP,1,350,386,TRS
Uganda,2006,Plurality/Majority,FPTP,1,284,332,TRS
Uganda,2001,Plurality/Majority,FPTP,1,214,305,TRS
Uganda,1996,Plurality/Majority,FPTP,1,214,276,TRS
Ukraine,2019,Mixed,Parallel,2,424,424,TRS
Ukraine,2014,Mixed,Parallel,2,450,450,TRS
Ukraine,2012,Mixed,Parallel,2,450,450,TRS
Ukraine,2007,PR,List PR,1,450,450,TRS
Ukraine,2006,PR,List PR,1,450,450,TRS
Ukraine,2002,Mixed,Parallel,2,450,450,TRS
Ukraine,1998,Mixed,Parallel,2,450,450,TRS
Ukraine,1994,Plurality/Majority,TRS,1,450,450,TRS
United Arab Emirates,2019,Not applicable,No direct elections,,,,Not applicable
United Arab Emirates,2015,Not applicable,No direct elections,,,,Not applicable
United Kingdom,2019,Plurality/Majority,FPTP,1,650,650,Not applicable
United Kingdom,2017,Plurality/Majority,FPTP,1,650,650,Not applicable
United Kingdom,2015,Plurality/Majority,FPTP,1,650,650,Not applicable
United Kingdom,2010,Plurality/Majority,FPTP,1,650,650,Not applicable
United Kingdom,2005,Plurality/Majority,FPTP,1,646,646,Not applicable
United Kingdom,2001,Plurality/Majority,FPTP,1,659,659,Not applicable
United Kingdom,1997,Plurality/Majority,FPTP,1,659,659,Not applicable
United Kingdom,1992,Plurality/Majority,FPTP,1,651,651,Not applicable
United States,2018,Plurality/Majority,FPTP,1,435,435,FPTP
United States,2016,Plurality/Majority,FPTP,1,435,435,FPTP
United States,2014,Plurality/Majority,FPTP,1,435,435,FPTP
United States,2012,Plurality/Majority,FPTP,1,435,435,FPTP
United States,2010,Plurality/Majority,FPTP,1,435,435,FPTP
United States,2008,Plurality/Majority,FPTP,1,435,435,FPTP
United States,2006,Plurality/Majority,FPTP,1,435,435,FPTP
United States,2004,Plurality/Majority,FPTP,1,435,435,FPTP
United States,2002,Plurality/Majority,FPTP,1,435,435,FPTP
United States,2000,Plurality/Majority,FPTP,1,435,435,FPTP
United States,1998,Plurality/Majority,FPTP,1,435,435,FPTP
United States,1996,Plurality/Majority,FPTP,1,435,435,FPTP
United States,1994,Plurality/Majority,FPTP,1,435,435,FPTP
United States,1992,Plurality/Majority,FPTP,1,435,435,FPTP
Uruguay,2019,PR,List PR,1,99,99,TRS
Uruguay,2014,PR,List PR,1,99,99,TRS
Uruguay,2009,PR,List PR,1,99,99,TRS
Uruguay,2004,PR,List PR,1,99,99,TRS
Uruguay,1999,PR,List PR,1,99,99,TRS
Uruguay,1994,PR,List PR,1,99,99,TRS
Uzbekistan,2019,Plurality/Majority,TRS,1,150,150,TRS
Uzbekistan,2014,Plurality/Majority,TRS,1,135,150,TRS
Uzbekistan,2009,Plurality/Majority,TRS,1,135,150,TRS
Uzbekistan,2004,Plurality/Majority,TRS,1,120,120,TRS
Uzbekistan,1999,Plurality/Majority,TRS,1,250,250,TRS
Uzbekistan,1994,Plurality/Majority,TRS,1,250,250,TRS
Vanuatu,2020,Other,SNTV,H,52,52,Not applicable
Vanuatu,2016,Other,SNTV,H,52,52,Not applicable
Vanuatu,2012,Other,SNTV,H,52,52,Not applicable
Vanuatu,2008,Other,SNTV,H,52,52,Not applicable
Vanuatu,2004,Other,SNTV,H,52,52,Not applicable
Vanuatu,2002,Other,SNTV,H,52,52,Not applicable
Vanuatu,1998,Other,SNTV,H,52,52,Not applicable
Venezuela,2015,Mixed,Parallel,2,167,167,FPTP
Venezuela,2010,Mixed,Parallel,2,165,165,FPTP
Venezuela,2005,Mixed,MMP,3,167,167,FPTP
Venezuela,2000,Mixed,MMP,3,165,165,FPTP
Venezuela,1998,Mixed,MMP,3,207,207,FPTP
Venezuela,1993,Mixed,MMP,3,207,207,FPTP
Viet Nam,2016,Plurality/Majority,TRS,1,496,496,Not applicable
Viet Nam,2011,Plurality/Majority,TRS,1,500,500,Not applicable
Viet Nam,2007,Plurality/Majority,TRS,1,493,493,Not applicable
Viet Nam,2002,Plurality/Majority,TRS,1,498,498,Not applicable
Viet Nam,1997,Plurality/Majority,TRS,1,450,450,Not applicable
Viet Nam,1992,Plurality/Majority,TRS,1,395,395,Not applicable
"Virgin Islands, British",2019,Plurality/Majority,FPTP,2,13,13,Not applicable
"Virgin Islands, British",2015,Plurality/Majority,FPTP,2,13,13,Not applicable
"Virgin Islands, British",2011,Plurality/Majority,FPTP,2,13,13,Not applicable
"Virgin Islands, British",2007,Plurality/Majority,FPTP,2,13,13,Not applicable
Yemen,2003,Plurality/Majority,FPTP,1,301,301,TRS
Yemen,1997,Plurality/Majority,FPTP,1,301,301,TRS
Yemen,1993,Plurality/Majority,FPTP,1,301,301,TRS
Zambia,2016,Plurality/Majority,FPTP,1,156,165,TRS
Zambia,2011,Plurality/Majority,FPTP,1,150,158,FPTP
Zambia,2006,Plurality/Majority,FPTP,1,150,158,FPTP
Zambia,2001,Plurality/Majority,FPTP,1,150,158,FPTP
Zambia,1996,Plurality/Majority,FPTP,1,150,155,FPTP
Zambia,1991,Plurality/Majority,FPTP,1,150,150,FPTP
Zimbabwe,2018,Mixed,Parallel,2,270,270,TRS
Zimbabwe,2013,Mixed,Parallel,2,270,270,TRS
Zimbabwe,2008,Plurality/Majority,FPTP,1,210,210,TRS
Zimbabwe,2005,Plurality/Majority,FPTP,1,120,150,TRS
Zimbabwe,2000,Plurality/Majority,FPTP,1,120,150,TRS
Zimbabwe,1995,Plurality/Majority,FPTP,1,120,150,TRS